controller	idle_floor_config	num_cycles	wait_time	wait_time_interval	idle_time	idle_time_interval
Random	(2, 2, 2)	161	4.446762803656844	0.03865008018296676	0.5784811493368239	0.013609906806083823
Zoning	(2, 2, 2)	143	4.269959768461266	0.02940889605227721	0.4400954254907529	0.01180106109054127
Nearest	(2, 2, 2)	354	3.5169828309027675	0.028534138606636176	0.3349787203809491	0.010982287144132576
Random	(3, 5, 6)	169	4.478500206272472	0.034170350358556874	0.5679623099148328	0.012730687487946722
Zoning	(3, 5, 6)	157	4.150839211698088	0.028872947260471273	0.43701634533177325	0.010731853946247193
Nearest	(3, 5, 6)	334	3.513373572368966	0.03378911359569077	0.36741601521690886	0.011525616897885617
