	controller	steady state average	elevator	lower interval	upper interval
0	Random	0.2068312237220237	1	0.19720373868735938	0.21645870875668802
1	Random	0.20337086189879738	2	0.19426483634061384	0.21247688745698093
2	Random	0.2050767975481175	3	0.1954056436948713	0.2147479514013637
3	Zoning	0.14010812693163566	1	0.13336929655906343	0.14684695730420788
4	Zoning	0.20533389338166172	2	0.19704647720287854	0.2136213095604449
5	Zoning	0.1348869044127186	3	0.12760635908179802	0.1421674497436392
6	Nearest	0.11626242942041431	1	0.11112841350582087	0.12139644533500776
7	Nearest	0.11678830822354709	2	0.11151425493988543	0.12206236150720876
8	Nearest	0.11929459550176723	3	0.11384937652394293	0.12473981447959152
